customer_id|first_name|last_name|email|address|city|state|postal_code|phone_number
1|Samuel|Jacobs|hernandezcharles@example.com|6581 Ross Station Apt. 934,Jenniferville, UT 90990|Laurenfurt|Utah|29874|4252323762
2|Melissa|Young|uknight@example.com|4766 Jones Lodge Apt. 078,West Roger, IN 90631|East Travis|Delaware|42750|607.890.0534x334
3|Kimberly|Martin|zduncan@example.com|70108 Dominguez Route Apt. 949,Christopherview, SD 92486|Rhondabury|New Jersey|44738|881-216-8670x4263
4|Ronald|Carter|idennis@example.org|3255 Mcdaniel Valley Apt. 654,Lake Jamesfort, NJ 36022|Port Keith|Missouri|92185|+1-591-619-7183x11750
5|Ryan|Arnold|mike60@example.org|416 Joy Island Apt. 535,Josephmouth, NE 43063|Nguyenmouth|Wyoming|29607|(624)206-0882
6|Frank|Williamson|whitegeoffrey@example.org|553 Robert Hills Apt. 772,West Tammymouth, PA 80073|Port Laurenmouth|Utah|01078|457.557.4609
7|Linda|Perez|ryoung@example.net|3993 Luis Port,Deanland, NC 58422|South Eric|South Dakota|30967|6132730563
8|Antonio|Watts|williamgallagher@example.org|08599 Little Parkway Suite 601,North Julie, MH 36604|Port Stephenmouth|Pennsylvania|68397|654-941-7734x48664
9|Ashley|Mathis|martinwilliam@example.com|69568 Gary Wall Suite 451,South Travis, KS 81791|Lloydbury|Pennsylvania|83987|655.737.3388
10|Angel|Gallegos|brenda86@example.com|029 Cooper Cove Suite 580,Tinaborough, PR 96547|Ramirezstad|Kentucky|59436|823-669-2102
11|Jack|Stephens|hollylong@example.org|5526 Deborah Trail Apt. 353,South Kevinmouth, NH 39666|South David|California|04409|001-999-766-4150
12|Darlene|Roy|kosborn@example.net|99432 Wade Keys Suite 453,New Heatherland, SD 16511|Brianland|Alaska|43422|808-436-3734x6368
13|Hunter|Potter|christopherromero@example.com|102 Susan Valley,East Crystal, IN 42353|East Shaneside|South Dakota|15281|001-381-270-2564x4321
14|Mary|Terry|joshua00@example.org|619 Gregory Trace Apt. 513,South Joshuashire, CT 63834|West Ashleybury|North Carolina|19963|(541)293-4854x65904
15|Annette|Smith|handerson@example.net|70178 Frank Hollow Apt. 428,Port Stacy, VI 57959|Port Janice|New Mexico|50449|457.294.2638x312
16|Christopher|Williams|davisjohn@example.com|10433 Ashley Light Apt. 122,Josephfort, CA 63283|Fisherchester|West Virginia|59829|+1-749-522-5468
17|Hannah|Ross|millerrebecca@example.com|3230 Crystal Crossing,Robertside, NE 02057|Lake Dustin|Michigan|70602|535.414.9436x16076
18|Lawrence|Parrish|bfrye@example.com|1287 Aaron Landing,Lake Charles, IN 33912|West Miranda|North Dakota|29038|965.930.1780
19|Cheyenne|Finley|kingtami@example.org|PSC 8283, Box 2644,APO AP 65142|Lambfurt|Maine|91660|926.952.9760x01881
20|Michael|Navarro|mstewart@example.com|7080 Rubio Ports,North Kristiton, MD 66899|New April|Tennessee|84705|899-429-9435x4481
21|Tyler|Williamson|cwatts@example.org|071 Munoz Street Suite 018,Lake Karen, AZ 13170|Hansenside|Texas|66590|001-766-339-6532x8000
22|Zachary|Gross|lisa98@example.com|5604 Jennifer Mews Suite 447,Debrafort, DC 83460|North Eduardostad|New York|98181|729-812-1043x94589
23|James|Bennett|ngraves@example.com|175 Gomez Inlet Apt. 372,Port Catherine, LA 81026|West Kevin|Delaware|51798|+1-597-266-1167
24|Jennifer|Hines|amandalloyd@example.com|757 Bowen Lane Suite 423,New David, AR 89195|North Richardberg|California|47626|438-752-3382
25|Ashley|Thomas|vmartinez@example.com|369 Wilkerson Lock,Hortonfurt, MN 21719|Charlesville|Iowa|01346|617-654-2390
26|Kathleen|Williamson|paul21@example.net|52420 Justin Valley,Port Markmouth, VI 49143|New Katrinafort|Nevada|90482|344.395.6627
27|Steven|Holt|kenneth89@example.com|306 Baker Pass,Michellefurt, NE 75776|Port Derek|Pennsylvania|81270|+1-327-320-6614x45460
28|Emily|Douglas|barrymatthew@example.net|16979 Abigail Lights,Petersland, HI 62642|Lake Megan|Kansas|92197|616-245-1184x1102
29|Destiny|Nguyen|stevebell@example.org|5450 Martin Union Apt. 184,Lake Carlychester, KS 72022|Lake Andrea|Louisiana|93193|537.714.3703x78407
30|Brian|Simpson|qreese@example.org|4939 James Ridge Suite 125,Allenfort, RI 38806|Joshuaburgh|North Dakota|67922|270-307-5715x5968
31|Jill|Riggs|ambergraves@example.org|4215 Fletcher Ridge Apt. 352,Port Michaelfort, NE 22161|West Davidton|Delaware|56624|6089237682
32|Thomas|Richardson|erictownsend@example.org|472 Courtney Shoals Apt. 324,Vargasfort, CT 64554|West Tommouth|Mississippi|31177|(508)797-6483x27523
33|Chad|Wall|fitzgeraldsabrina@example.com|150 Johnson Lane,Christopherhaven, HI 66511|East Kristinamouth|Arizona|27227|596.211.4490
34|Michael|Burns|matthewsalazar@example.com|548 Porter Street Apt. 835,Rachelbury, NE 50948|Jonesview|Hawaii|87170|+1-801-773-2044x858
35|Donald|Mccall|tim56@example.net|54635 Mike Hills Apt. 738,West Lawrencechester, CO 98881|Jasonbury|New Mexico|26318|595-443-2590
36|Sarah|Lawson|wheelerjason@example.net|9206 Wood Knoll Suite 841,Mathewtown, AR 09944|Port Jon|New Jersey|34587|001-355-961-5718x60409
37|Jeffrey|Jones|xwelch@example.org|PSC 9919, Box 1543,APO AE 25070|South Erin|Idaho|32663|9713611268
38|Colleen|Parsons|pfields@example.com|8967 Paige Drive,South Ryanside, SC 70114|West Christinaberg|South Dakota|42929|983.661.4915
39|Rebecca|Turner|adam80@example.org|44335 Amber Crest,Brandontown, OK 16648|Port Yvonneborough|North Dakota|73259|+1-920-800-2835x45453
40|Maurice|Hunter|laura74@example.com|74173 Johnson Prairie,Christinabury, MN 70784|Ashleyfort|Texas|65267|001-977-784-5876x4685
41|Nina|Armstrong|ivelazquez@example.org|2304 Barker Well,West Heatherfurt, MH 41210|Carrollville|Illinois|18275|+1-444-886-3819x84029
42|Andrew|Cooper|padilladebra@example.net|35920 Brandon Point Suite 060,Michaelberg, AS 67858|East Alexis|Alaska|48140|001-943-835-6351x751
43|Olivia|Reid|justinowen@example.com|01742 Jaclyn Route,Hollandbury, MS 62711|Lake Paulbury|Arizona|19451|910-996-3078
44|Stephanie|Doyle|lorianderson@example.net|397 Robinson Hollow,Reedmouth, GA 96838|East Lindabury|Virginia|75591|(795)593-2507x97442
45|William|Jackson|mark12@example.net|289 Houston Prairie,Lake Christopher, TX 23868|West Jeffrey|Missouri|25680|928-426-2522x07278
46|Lauren|Hahn|joseph64@example.net|04703 Johnson Highway,North Christinafurt, DE 45540|Port Christopherhaven|Illinois|76212|334-957-5817x05295
47|Jenny|Brown|geraldponce@example.net|0452 Duncan Oval Suite 493,Mccallmouth, OR 41873|Louisborough|South Carolina|13198|477-353-4065x114
48|Nicole|James|mullinsbriana@example.com|694 Karen Flat Apt. 424,Deanbury, MO 80742|Johnsonhaven|Pennsylvania|14568|001-588-283-9386
49|Isabella|Massey|ginaramirez@example.org|6721 Rodriguez Crossing Apt. 119,Mckenzieton, NC 70788|Hayesbury|Oregon|72811|340-280-4457x5448
50|Stephanie|Bright|jcampbell@example.com|61110 Olson Drive,New Larry, TN 79051|Angelaland|Colorado|06740|3584590616
51|Kyle|Moyer|nstewart@example.org|3662 Novak Villages,North Jessicaport, NV 76635|East Jeffrey|Missouri|97547|+1-947-836-8046x68311
52|Eddie|Wise|jacksonjoseph@example.com|07373 Nguyen Circle,Port Erica, AR 14413|West Jeffreymouth|Arizona|44650|+1-873-910-7696x663
53|James|Fritz|mortonchristine@example.net|7378 Kaitlyn Knolls,West Ashleyport, PA 46788|Katiechester|New Mexico|55662|488.302.2227x6050
54|Pamela|Lee|williamsgregory@example.net|724 Mcclure Manor,Johnsonside, SC 66058|Port Nicholasmouth|Indiana|47627|9312766086
55|Melissa|Holmes|davidpowell@example.com|2946 Palmer Curve,Port Charles, CA 47808|Port Kayla|Wisconsin|78287|001-488-340-1965x67655
56|Kelli|Adams|gordonevelyn@example.com|PSC 8476, Box 1956,APO AE 09134|East Mark|Rhode Island|97462|+1-411-612-0461x5914
57|Sarah|Stephens|christopherhicks@example.net|948 Sherry Ridge,Matthewchester, MT 73494|Wardbury|Wyoming|32876|(875)456-2787
58|Jeremy|Young|eroach@example.org|7976 Reynolds Station Suite 141,Homouth, MI 59832|West Timothyside|New Mexico|20674|+1-729-970-4815x29069
59|William|Rush|harmondavid@example.net|228 Brandy Islands,North Charles, DC 06527|Joshuashire|Nebraska|86666|+1-341-427-7468x101
60|Susan|Ramsey|scottbradley@example.net|6929 Kenneth Center Suite 314,New Mary, KS 42468|East Kevinville|North Dakota|11871|248-214-2609
61|Sherry|Ruiz|carpentermary@example.com|256 Rodriguez Roads Apt. 533,West Kristenfort, NM 80884|New Pamela|Delaware|85941|349.988.1209x3812
62|Gregory|Schmidt|igilmore@example.com|USNS Martinez,FPO AA 30299|East Daniel|Mississippi|41692|503.322.7897
63|Curtis|Taylor|samuel84@example.org|12700 Carolyn Ports,Port Nicole, MP 37398|Sullivanland|Texas|59631|001-950-529-2319
64|Jesus|Fields|austinwang@example.net|6247 Dawn Village Apt. 999,Bradleyport, CT 32546|Jerryhaven|North Carolina|80353|465.397.1903x57280
65|Donald|Blair|clifford16@example.org|9140 Baker Stravenue Apt. 590,Powellfort, MO 90550|Jacksonberg|Maryland|85215|4143493531
66|Dominique|Phillips|jeffreydawson@example.net|052 Greer Island Apt. 827,Glendaland, HI 24151|Suttonland|Tennessee|68577|+1-220-288-2319x782
67|Michael|Hall|xmunoz@example.org|947 King Lights Suite 816,East Cindyborough, AL 23148|New Christopherburgh|Oklahoma|79201|+1-965-620-8640
68|Kathleen|Hill|watsonchristian@example.org|83126 Hardy Lights Apt. 671,South Joseph, MA 10895|Jacquelinebury|Arkansas|20977|001-706-322-2703x666
69|Manuel|Martinez|jenniferpayne@example.org|99441 Jones Mall Apt. 160,Masseyville, WY 42634|Walterborough|Tennessee|68924|963-965-6293x695
70|Karen|Mccoy|mary49@example.net|Unit 4941 Box 6679,DPO AP 88299|Herrerahaven|Georgia|56575|276-281-9936
71|Nathaniel|Wall|underwoodlisa@example.net|945 Singh Common,New Kimville, MP 51677|North Jessicaview|Connecticut|34224|204-634-3753x0450
72|Shannon|Garcia|bshaw@example.org|490 Rodriguez Extensions Suite 791,East Scottberg, HI 24608|Goodport|Georgia|08454|886-618-5300
73|John|Rose|martinezmaria@example.org|PSC 0609, Box 6254,APO AP 82490|Coopershire|Hawaii|10215|001-319-518-7749x0838
74|Maria|Smith|kristina59@example.com|18866 Steven Parks,Vasquezville, WY 65281|Leemouth|South Dakota|85601|(342)638-2397x9100
75|John|Meyer|phill@example.org|21566 Anthony Parkway,South Mikefurt, MS 02768|Suzanneport|Missouri|71126|+1-306-305-3427x89283
76|Valerie|Rhodes|kristina68@example.net|760 Jacob Meadows Apt. 076,Elizabethbury, IA 17756|Harveyside|Iowa|01097|256.441.5492x52969
77|Dustin|Davis|steven76@example.net|944 Mcclure Mill Suite 142,Rileyberg, VI 42036|Johnburgh|Alaska|11980|997-515-3539x264
78|Amy|Welch|brittneygonzalez@example.net|4346 Jared Circles,South Brendan, IL 18758|West Jerryburgh|Hawaii|92138|636-303-6519
79|Amanda|Perry|darrylharris@example.org|9416 Meyer Extension Apt. 572,Jonathanside, LA 32339|North Jamesfurt|Rhode Island|53765|285.290.6749
80|Becky|Noble|rbradford@example.org|6020 Kyle Skyway,West Meganshire, VT 94732|Antoniotown|Florida|37976|748-581-3960
81|Kelly|Murphy|thomaslaura@example.com|869 Moon Loop,Jameschester, SC 35565|Julieview|Utah|10506|926-264-1620x9390
82|Angela|Andrews|emily94@example.net|97082 Robles Walk Suite 868,South Alex, VT 67015|New Phyllisland|Wisconsin|07087|+1-405-838-6985x684
83|Lisa|Henry|wjohnson@example.com|169 Ronald Meadows,West Sabrinaport, ID 89892|North Judyville|Iowa|67511|+1-488-700-8824
84|Jonathon|Brown|fyu@example.org|76227 Wagner Isle Suite 638,North Jeremy, ME 86997|Rebeccaborough|Louisiana|76157|592.921.6834
85|Mark|Hall|armstrongbrandy@example.net|97513 David Spurs Suite 012,Lake Brendanchester, LA 20540|Brandymouth|Oregon|62148|+1-569-561-8162
86|Paula|Spencer|ascott@example.net|57504 Tom Forest,Shannonshire, VA 50314|Sweeneyhaven|Rhode Island|36572|4134876011
87|Francis|Jones|xavery@example.com|580 Alyssa Extensions,New Scottton, MO 50662|Brentfurt|Delaware|87986|001-963-634-2098
88|Thomas|Gallagher|smithstephen@example.org|813 Duke Stream,Lake Theresa, WA 76634|Theresamouth|Delaware|37715|001-461-656-0242x756
89|Melissa|Lyons|griffinriley@example.net|49394 Matthew Ramp,New Stephanie, AL 53062|North Deborah|Rhode Island|86410|+1-734-538-7783
90|Annette|Sanders|ovance@example.org|560 Elizabeth Place,Davidhaven, NV 55534|North Heatherborough|Michigan|33328|200-724-2703x1669
91|Stacey|Perkins|dzavala@example.net|648 Tiffany Greens Suite 831,Lake Laura, ID 85045|East Harryport|Illinois|33703|478.901.5091x45607
92|Jamie|Adams|vargasthomas@example.com|54852 Mark Plaza Apt. 755,Brooksbury, KY 15870|Lake Holly|Michigan|85216|361-725-8333x286
93|Kelsey|Rodriguez|lwhite@example.net|USS Harding,FPO AA 99814|East Elizabeth|Utah|39508|958.919.5595x438
94|Douglas|Richardson|lisaadams@example.org|2244 Kelly Loaf,Angelamouth, CO 22778|East Dana|Maryland|89300|+1-470-356-1599x6016
95|Jared|Kramer|kennethcarey@example.net|02250 Frederick Loop Apt. 737,North Jefferymouth, PW 17964|Elizabethview|Vermont|32825|501.267.0259
96|Benjamin|Hicks|janice85@example.org|8257 Li Street,Grossmouth, DC 76274|Jillianchester|North Carolina|80400|001-649-617-5101x2416
97|Paul|Riley|cynthia04@example.com|7345 Donald Shoals,Lake Amybury, NM 80749|East Michelechester|South Carolina|18871|001-432-529-4444x540
98|Jonathan|Floyd|kevin58@example.com|32431 Johnson Coves Apt. 680,South Linda, MT 37013|Port Jeffreytown|Louisiana|23569|001-701-232-2653
99|Karen|Campos|ovelazquez@example.org|0118 Aaron Lodge,Mayview, MT 07851|North Cathytown|Colorado|71764|249-538-5629x48354
100|Robert|Morgan|umiles@example.net|420 Courtney Spur Apt. 584,Clayview, NM 13157|North Loretta|Vermont|75882|5635154795
